{"type": "block", "layer": 0, "block": 0, "features": [{"geom": {"pts": [[-22.03588411170258, -14.855360379724603, 0.06943282469212225]], "r": 0.49585550845630744}, "mtl": 0, "prop": ["AL020", "3792621", "2010", "Los Angeles", "USA"], "lh": 3.718916313422306}]}