{"type": "block", "layer": 3, "block": 0, "features": [{"geom": {"pts": [[20.832034094609874, 20.958531066350584, 0.45593914002557473]], "r": 0.49585550845630744}, "mtl": 0, "prop": ["AL020", "583756", "2010", "Las Vegas", "USA"], "lh": 3.718916313422306}]}